,ASP,GLU,ASN,SER,GLN,GLY,THR,CITR,ARG,ALA,GABA,TYR,CYS-CYS,VAL,MET,TRP,PHE,ILE,LEU,LYS,PRO
dry_0_9,0.070117718,0.438190962,0.022786581,0.160097,0.171814424,0.045421026,0.041546876,0,0.013699125,0.11670969,0.005437777,0.011507539,0.004322097,0,0.002377149,0.003188601,0.0154689,0.020984496,0.012734262,0.002241476,0.018033361
dry_0_10,0.099970844,0.466974058,0.018347096,0.167826483,0.342975965,0.04608041,0.035211082,0,0.018976429,0.102820403,0.008217656,0.010360901,0.004823015,0.060581958,0.003859428,0.002114163,0.017577986,0.014582218,0.010691649,0.002810176,0.015087472
dry_0_29,0.048024885,0.196992355,0.00323353,0.039718822,0.017631463,0.008865132,0.010266199,0,0.007662626,0.027079204,0.001134791,0.005043761,0,0.015654714,0,0.001854752,0.004637783,0.012805505,0.006612591,0,0.011751026
dry_0_30,0.03145818,0.248598258,0.005437315,0.057994434,0.046123919,0.028991665,0.022752872,0,0.00413337,0.056298225,0.002267679,0.007494366,0,0.040536388,0.001777849,0.00571598,0.009586378,0.031537754,0.009668012,0.002040807,0.010440063
dry_0_31,0.063575957,0.339197572,0.00235335,0.056356617,0.052079099,0.030085478,0.020294316,0,0.012873696,0.054829892,0.003293969,0.00521861,0,0.034521695,0,0.004095317,0.009432861,0.021291426,0.008111283,0.001669559,0.007899569
dry_0_32,0.050232498,0.31611259,0.0046742,0.069474673,0.099393964,0.040637443,0.024864372,0.00233977,0.009462939,0.059476805,0,0.00698045,0.003796014,0.052921023,0,0,0.01311307,0.029195606,0.010163541,0.001025988,0.008563127
dry_1_11,0.09901835,0.583412814,0.022585565,0.201955265,0.406325709,0.050743012,0.053535942,0.005752925,0.014545978,0.208883761,0.006479692,0.01071033,0.004734409,0.059409454,0.003665876,0,0.021716415,0.017989375,0.011768288,0.002722988,0.015465202
dry_1_12,0.077593668,0.527701035,0.015745083,0.157631988,0.237030928,0.061267479,0.042534898,0.002317369,0.015717755,0.144731626,0.00433641,0.014121901,0.005539561,0.064395803,0.00350354,0.004288663,0.027964148,0.025236542,0.014518372,0.001903709,0.018533655
dry_1_25,0.060883999,0.272996387,0.003605782,0.032561087,0.063135896,0.009266886,0.008736448,0.001497716,0.010065193,0.052874382,0.003279561,0.004824962,0,0.014808945,0,0.001954009,0.006030847,0.007315746,0.003490994,0,0.011562004
dry_1_26,0.03419708,0.163394399,0.002965195,0.030679729,0.021191176,0.012364121,0.010608036,0,0.003664014,0.033525032,0.002689502,0.00448489,0,0.019342481,0.000499746,0.002127298,0.005842645,0.008711812,0.005420532,0.001019354,0.007132986
dry_1_27,0.050926708,0.225555614,0.0028047,0.045448845,0.037567601,0.010767246,0.011387179,0,0.012387995,0.0524582,0,0.005456007,0,0.030599279,0,0.004683778,0.009256195,0.013758742,0.006006692,0,0.007777908
dry_1_28,0.052401791,0.255861815,0.001593628,0.026052934,0.030337562,0.008896436,0.006982356,0,0.010786943,0.03024297,0,0.003778794,0,0.013451796,0,0.002860653,0.004814533,0.008162742,0.006602608,0,0.007229064
dry_2_13,0.042659857,0.293215458,0.003919474,0.053272883,0.055443207,0.033796668,0.020251195,0,0.008380577,0.079126149,0.004047542,0.00695281,0.003602208,0.043009569,0.00260959,0.003202803,0.008324945,0.015042271,0.0062582,0.001382601,0.009484923
dry_2_14,0.042991362,0.249678105,0.005964189,0.070031001,0.066110513,0.032260066,0.025247206,0,0.009025695,0.099765779,0.002949303,0.006358138,0.003172902,0.048524736,0,0.00420201,0.009847894,0.019409107,0.014487263,0.002310423,0.012408778
dry_2_21,0.03763384,0.259358398,0.003015183,0.050139823,0.041240614,0.019072394,0.016996816,0,0.014133016,0.036197644,0.00283159,0.007804383,0.001870655,0.024476831,0.000977095,0.005142422,0.00667318,0.018198899,0.009688495,0.001809161,0.01195388
dry_2_22,0.029202818,0.193797109,0.002322854,0.036671593,0.03713861,0.018770918,0.012512965,0,0.011325113,0.022310834,0.002672421,0.005037735,0,0.024090585,0,0.003555849,0.007359835,0.007277123,0.005003642,0.001331617,0.007295014
dry_2_23,0.038363622,0.307411921,0.005185329,0.086610796,0.114543236,0.025055572,0.02464456,0.004952162,0.013569055,0.130803792,0.0094849,0.007995508,0,0.0472503,0,0.002355503,0.010056008,0.016552187,0.007390483,0.00287542,0.008598138
dry_2_24,0.029858638,0.14417898,0.002894607,0.017339216,0.011629537,0.011649746,0.00599525,0,0.005992093,0.022508737,0,0.006109421,0,0.012351851,0,0,0.005855984,0.00723303,0,0,0.007828468
dry_4_15,0.055554772,0.321267669,0.005629401,0.03233022,0.049550247,0.008405462,0.011569534,0,0.00740333,0.084235815,0.004543948,0.007526079,0,0.018611144,0,0.004359809,0.007101163,0.010454871,0.007176068,0.000889398,0.012382052
dry_4_16,0.038880165,0.239550817,0.002802226,0.039400662,0.030610572,0.013258798,0.015284204,0,0.003837719,0.082188149,0.003512396,0.006472614,0,0.025650245,0,0.002773734,0.006030773,0.014696656,0.009062139,0,0.012301233
dry_4_17,0.063285253,0.438595013,0.00428744,0.041842569,0.068519721,0.013036068,0.021803445,0,0.015493554,0.139272705,0.008831657,0.006350845,0,0.036027319,0,0.012761886,0.012320898,0.013129877,0.00574807,0.001156719,0.011477708
dry_4_18,0.019208013,0.244413249,0.003686355,0.035905645,0.046536321,0.015990205,0.010460847,0,0.009927061,0.080541636,0.010466756,0.006013228,0,0.018151716,0,0.002373142,0.006556528,0.008204242,0.003656217,0,0.006600266
dry_4_19,0.025516199,0.20799684,0.002871386,0.045183904,0.03981268,0.026969731,0.015524985,0,0.015267806,0.034707053,0,0.006298915,0.002418678,0.029918026,0,0.005567579,0.010595277,0.015559608,0.004611812,0.002434055,0.007351484
dry_4_20,0.022468104,0.181145748,0.005806394,0.023493006,0.033748617,0.005797629,0.013646726,0,0.015109817,0.094518714,0.00796223,0.00825167,0,0.030094883,0,0.032323512,0.015836741,0.01906037,0.017239012,0,0.014051591
ambient_0_1,0.133546905,0.523966701,0.018325959,0.124098238,0.282490501,0.030133256,0.041966767,0.002964601,0.025380564,0.122656372,0.008799368,0.009033635,0.002104916,0.068143897,0.003056189,0.004010105,0.014387266,0.019793326,0.012796572,0.001223845,0.014928538
ambient_0_2,0.099480131,0.665157035,0.011104891,0.13093575,0.351537248,0.041411723,0.048883247,0.003055639,0.02529501,0.263125935,0.014137547,0.01631717,0,0.078199596,0.004829946,0.004512718,0.024905737,0.022685147,0.018794447,0.004642541,0.021753919
ambient_0_39,0.045771428,0.328254696,0.006726227,0.091938569,0.199238268,0.038401185,0.026265045,0,0.01065215,0.081942044,0.00198741,0.010815316,0.003749325,0.049573946,0.001953059,0.009675487,0.020078411,0.028997508,0.009617487,0,0.012962983
ambient_0_40,0.152305389,0.834287351,0.016553329,0.21271138,0.308994076,0.035012597,0.075816483,0,0.016679154,0.29064231,0.009966522,0.014402939,0.002908933,0.081109853,0.005531436,0.00501277,0.027879263,0.028906915,0.015121753,0.003230448,0.022289666
ambient_0_41,0.227049486,0.850775371,0.020892959,0.177394797,0.561126681,0.029248892,0.059818484,0,0.034462355,0.310498229,0.015858138,0.015168802,0.002246806,0.09531622,0.008457487,0.004439807,0.042234518,0.036019029,0.015189065,0.003547946,0.016329638
ambient_0_42,0.076760537,0.439132829,0.01006793,0.098294467,0.343536048,0.032267536,0.031650622,0.003202361,0.011669245,0.086837429,0.004726407,0.015194874,0.004318817,0.038757444,0,0.005249567,0.020581381,0.017700779,0.011568675,0.002566678,0.020390036
ambient_1_3,0.076809363,0.4838833,0.017736512,0.119872484,0.365734709,0.062061097,0.039305889,0.0041043,0.026075825,0.143739151,0.007631267,0.015907792,0.005741681,0.054212438,0.003663723,0.00713895,0.030621062,0.02184449,0.019228526,0.002793988,0.023929235
ambient_1_4,0.054093602,0.368423042,0.003781517,0.069987766,0.068840152,0.038797034,0.021666862,0,0.005797292,0.0552186,0.003606817,0.008864827,0.004733015,0.036756315,0.002228757,0.00403259,0.014419759,0.018830508,0.015664541,0.001937971,0.01383752
ambient_1_43,0.042433599,0.318170384,0.003729962,0.051069564,0.059886264,0.02412547,0.015389072,0,0.00829345,0.048706484,0.002496771,0.007869346,0.002696365,0.026480199,0.000927521,0.004275044,0.008938016,0.011351687,0.00704725,0,0.010426604
ambient_1_44,0.058944259,0.323369891,0.006941824,0.088604914,0.072946026,0.035246102,0.024560199,0,0.009473118,0.10768483,0.004708586,0.007275014,0,0.055319816,0.002802221,0.004937185,0.013995186,0.010675434,0.009121717,0.002555574,0.015044881
ambient_2_5,0.121559033,0.669322333,0.01393448,0.193932673,0.197871602,0.065628223,0.0556447,0.003124177,0.017667282,0.313358291,0.01374903,0.014201997,0.006293313,0.083082178,0.003749724,0.004838318,0.023743472,0.022896361,0.014751314,0.003216669,0.020290105
ambient_2_6,0.09338707,0.45700128,0.01122202,0.117744403,0.20160109,0.046361874,0.044155387,0,0.012159029,0.127837156,0.00729274,0.010819301,0.003645264,0.058346319,0.003769437,0.004642469,0.014958399,0.020286862,0.014614537,0.000846557,0.018558782
ambient_2_35,0.070228062,0.412247475,0.005756416,0.090452872,0.154799781,0.062017962,0.030898357,0.006277067,0.010693719,0.091831553,0.003316645,0.010534147,0.005757838,0.039927539,0.002090475,0.003929155,0.022657057,0.015971992,0.007797769,0.001522326,0.018039426
ambient_2_36,0.054725781,0.337092397,0.006491504,0.098029586,0.099585997,0.043636804,0.02798605,0.001367519,0.007229396,0.078605643,0,0.008193326,0.003358945,0.03823277,0,0.001911686,0.014044585,0.012023431,0.005664914,0.000781737,0.012709414
ambient_2_45,0.065341532,0.421729778,0.043738033,0.282781291,1.276276866,0.070488203,0.096972503,0.032048036,0.050767103,0.510827479,0.014305202,0.017649817,0.006601033,0.129740474,0.007951459,0.006310763,0.055882557,0.046831832,0.018152525,0.004296873,0.029671574
ambient_2_46,0.073621433,0.331772394,0.015686602,0.119170761,0.319851949,0.031297967,0.030214183,0.006671675,0.018210578,0.104915506,0.007488115,0.010211232,0.004757423,0.066355886,0.005014058,0.001736407,0.020421324,0.019351526,0.005968977,0.001619618,0.017032745
ambient_4_7,0.093767447,0.533739331,0.00819773,0.090456845,0.305375421,0.0555789,0.035191964,0.002073656,0.010891147,0.098632695,0.003431546,0.009721629,0.00543665,0.047424913,0,0.004509757,0.015491732,0.017662382,0.011892548,0.003217577,0.023345181
ambient_4_8,0.090273725,0.560092466,0.021363342,0.121960787,0.210754574,0.055842558,0.031167479,0.002948316,0.012192808,0.082361308,0.003174505,0.01065156,0.005385235,0.036891049,0,0.00519099,0.020638708,0.010659488,0.008602308,0,0.02215734
ambient_4_33,0.127487432,0.694236228,0.011631262,0.165902774,0.219216602,0.049498972,0.053485396,0.002308666,0.016546484,0.15946433,0.006090014,0.011985028,0.004973431,0.073396668,0.0026968,0,0.023742212,0.014689376,0.00756026,0,0.019884239
ambient_4_34,0.092351847,0.498330892,0.015088857,0.226917638,0.340280612,0.048860784,0.069107691,0.013963465,0.036696696,0.37898654,0.012296093,0.012133764,0,0.096319166,0.005136429,0,0.033389812,0.025819237,0.013534215,0.00369662,0.027843411
ambient_4_47,0.076185618,0.534024155,0.013528403,0.290604193,0.570056214,0.056014908,0.071654803,0.028797122,0.01982004,0.468601995,0.010329819,0.013749908,0.005265195,0.09558111,0.005831859,0.004130964,0.023153626,0.032562828,0.019886342,0.003211938,0.025887303
ambient_4_48,0.073315635,0.453586375,0.013349171,0.162357958,0.446062212,0.04389931,0.066206442,0.010423858,0.020273896,0.208699019,0.007667197,0.019001511,0,0.089194251,0.004722282,0.004265595,0.03298613,0.029770851,0.014218833,0.002351006,0.01909816
